{
  "CV->FO/CV->Res": [
    -0.0010145072577469314,
    0.371217209375871,
    0.2217161383058789,
    0.105214820854038,
    -0.12193060769337018,
    0.019905252136529248,
    -0.0007622381005358114,
    -1.230785877888297,
    1.3558270530998635,
    0.25248109120170936,
    1.058742462192008,
    -0.7179934901928127,
    1.0824374765093896,
    -0.5979529321405478,
    0.019443882056467486
  ],
  "CV->FO/0p5C0_np->Res": [
    -0.004100554949056679,
    0.9865075668080647,
    0.5254514087433517,
    0.2629489493083334,
    -0.3114375499524444,
    0.05336579592732242,
    -0.0004978219567771951,
    -1.9154903935537595,
    1.7423539471770602,
    0.49443348085942357,
    1.5262919779746449,
    -1.0058926077027368,
    1.481388047504609,
    -0.8230374203970879,
    0.026892508237496532
  ],
  "CV->FO/0p5kappa_np->Res": [
    -0.0022508574399321417,
    0.633394870209669,
    0.35359144516059304,
    0.17313132004820198,
    -0.20311909543683881,
    0.03408906491072474,
    -0.000794269741340187,
    -1.103288158405325,
    1.3016314669112778,
    0.21008194015972664,
    0.9744465022157973,
    -0.6664181048802696,
    1.0172078227637236,
    -0.5622953259498443,
    0.018274163567368377
  ],
  "CV->FO/0p5MuBeam->Res": [
    -0.0011350816672446393,
    0.47840578029142494,
    0.2824876071848645,
    0.1364307157167023,
    -0.15614357041476265,
    0.02536682807592314,
    -0.0008253774604530267,
    0.13158512493852412,
    1.3213605678732916,
    -0.12056728601248172,
    0.3249542803486767,
    -0.2568168164594737,
    0.7939877831652458,
    -0.48672334637002174,
    0.016103646662897365
  ],
  "CV->FO/0p5MuBF->Res": [
    -0.004153433137037482,
    1.0369660332185995,
    0.5558394989738092,
    0.27845197901107277,
    -0.3281572493273075,
    0.056020306840362126,
    -0.0007000583933947293,
    -0.8863685951142481,
    0.8780808345030241,
    0.062256732397025935,
    0.7743908612592741,
    -0.450460514063065,
    0.7318196278229046,
    -0.4085979588920214,
    0.01328127231412043
  ],
  "CV->FO/0p5MuCt->Res": [
    -8.282263164097126e-05,
    0.19519289533530054,
    0.13421620052767078,
    0.05989089838518206,
    -0.0675967371706542,
    0.010357813315487388,
    -0.0007834189618369325,
    -1.0845790952718386,
    1.2705549312909485,
    0.19797239394844038,
    0.9619940034892894,
    -0.6460310484961402,
    1.0021935026350453,
    -0.556263660108468,
    0.018094202348586247
  ],
  "CV->FO/0p5MuFac->Res": [
    -0.0028255311991966787,
    0.7471226643987926,
    0.40964570708119563,
    0.20264699795708224,
    -0.23819464582865643,
    0.040280473661113834,
    -0.0007500629278598838,
    -1.5081903026806711,
    1.6516592016289944,
    0.3994044728177042,
    1.2617451416190668,
    -0.9063818182911062,
    1.3042660841793914,
    -0.714999870763709,
    0.023246604355187227
  ],
  "0p5MuFtran->FO/0p5MuFtran->Res": [
    -0.0021457353599399487,
    0.6594488064052918,
    0.37202290260332843,
    0.1826784758902691,
    -0.21188116268529725,
    0.03520256203329673,
    -0.0006706680357005584,
    -1.3020336249391762,
    1.4374338295835503,
    0.2775961457791637,
    1.126694468222786,
    -0.7423802375531753,
    1.164297753738931,
    -0.6516495473025395,
    0.0212730417123649
  ],
  "CV->FO/0p5MuHard->Res": [
    0.0009010824474183268,
    -0.02643530240881643,
    0.019739942829177654,
    0.0005858889122984313,
    0.0016029972186626111,
    -0.0015164589356111361,
    -0.0007295085196204578,
    -1.3190578896096852,
    1.4385412428553142,
    0.26961027227465806,
    1.144181367424552,
    -0.734613244006267,
    1.179831255196301,
    -0.6644055337368504,
    0.021720509313470093
  ],
  "CV->FO/0p5MuSoft->Res": [
    0.0034848191223186406,
    -0.5016064280944279,
    -0.21418453948720476,
    -0.12095020154721838,
    0.1478207499927711,
    -0.027361701286815008,
    -0.0009099326846029477,
    -0.6585289784500757,
    0.988394164893369,
    0.03436970057156894,
    0.6748806006889142,
    -0.4228027723953699,
    0.7523478475519125,
    -0.42687705969730294,
    0.013913606009372451
  ],
  "CV->FO/0p5NuBeam->Res": [
    0.0026489737083854334,
    -0.33140863440545865,
    -0.1302548174314025,
    -0.07680517175574061,
    0.09537207532324152,
    -0.018084616844278627,
    -0.0007603923716055267,
    -0.5518870123251279,
    0.9769876200181375,
    -0.008144925794790757,
    0.6242967676206983,
    -0.3653537738958067,
    0.7378040894217238,
    -0.42902667621075014,
    0.014058457521207556
  ],
  "CV->FO/0p5NuSoft->Res": [
    0.00124860857142471,
    -0.08309431573932703,
    -0.00817592704917932,
    -0.014108171752501166,
    0.019108175127156967,
    -0.004608404127887973,
    -0.0007292134246757844,
    -1.2543287983123859,
    1.443357278613373,
    0.2629388561294947,
    1.1063058751087251,
    -0.7221551860330097,
    1.1653204256065233,
    -0.6565979331574406,
    0.021465744202904393
  ],
  "CV->FO/2C0_np->Res": [
    0.0003093768862572984,
    0.0746376020036323,
    0.06829456607902387,
    0.025608663144152378,
    -0.029462001042191033,
    0.004106426476405322,
    -0.0008359660270733127,
    -1.205827841249651,
    1.4957471450860518,
    0.25270122332982425,
    1.0968580596861104,
    -0.7144061915901968,
    1.1930526631020701,
    -0.6774606269835564,
    0.022185816005838056
  ],
  "CV->FO/2kappa_np->Res": [
    0.002484025324588955,
    -0.33022419185372115,
    -0.13092959989481226,
    -0.07768527695817365,
    0.09531918798059655,
    -0.018000702586068906,
    -0.0007865527107926889,
    -1.122248693814777,
    1.3246975235391465,
    0.20718106409851247,
    1.0099722461398635,
    -0.6468293929442609,
    1.0680363838967823,
    -0.6036787346134767,
    0.019735331506864337
  ],
  "CV->FO/2MuBeam->Res": [
    0.003060107700048222,
    -0.4321623667361543,
    -0.18160554644291518,
    -0.1037592067246196,
    0.12658974569155054,
    -0.023469046276199515,
    -0.0008986232667178058,
    -0.9366267378695448,
    1.0803252931752843,
    0.13416572474413896,
    0.8370012287310133,
    -0.5528237599856064,
    0.8534415131773047,
    -0.4711143207694795,
    0.01528390172821854
  ],
  "CV->FO/2MuBF->Res": [
    0.0011002526495449158,
    -0.08364036928388174,
    -0.012780981466880222,
    -0.016225839124541192,
    0.019652486483436146,
    -0.0043237679306876746,
    -0.0008805195367679428,
    -1.3478065818876757,
    1.2371803835816633,
    0.23679214783234218,
    1.1181236365612617,
    -0.6846802718015124,
    1.0665922505816094,
    -0.5958282831943897,
    0.01943468558076204
  ],
  "CV->FO/2MuCt->Res": [
    -0.0009673253616014415,
    0.3759510566386104,
    0.22473335587940796,
    0.10682861425404268,
    -0.12351085069925923,
    0.020138688794040176,
    -0.0007598940108672796,
    -1.1213649936056338,
    1.2819021235648753,
    0.21159271241375824,
    0.9813978803626443,
    -0.6649166243149435,
    1.0120672848057097,
    -0.5592347588998375,
    0.018174067719744627
  ],
  "CV->FO/2MuFac->Res": [
    -0.0012746959318436786,
    0.4226682186715929,
    0.24633393178959928,
    0.11745816816313087,
    -0.13756293509858228,
    0.022744051415607012,
    -0.0007589257705534981,
    -1.1262695617593992,
    1.6642074092607053,
    0.26540992084552967,
    1.0870307231433831,
    -0.7390119469190498,
    1.2730669686824054,
    -0.727907128158151,
    0.023879131204965355
  ],
  "2MuFtran->FO/2MuFtran->Res": [
    -0.004994417010531544,
    0.8554282596563366,
    0.4307927529387106,
    0.2150045667554363,
    -0.2666757688978926,
    0.04766544228216534,
    -0.0005037083502860694,
    -3.313928181087214,
    2.805776802841254,
    1.0258425955412689,
    2.5491847830705643,
    -1.6636827290350524,
    2.467656700803611,
    -1.38842650879813,
    0.04564513509841241
  ],