{
  "CV->FO/CV->Res": [
    -0.01444168592886029,
    0.005265762534762073,
    0.003131660962250456,
    -31.22163340333072,
    -0.0022219558853651656,
    4.622086251302893,
    0.7049134024056104,
    31.471438533933753,
    -30.739886807917724,
    10.65465292478574,
    -1.2446808812597012,
    -0.22807066524515326
  ],
  "CV->FO/0p5C0_np->Res": [
    0.011458172074862992,
    -0.008650946763756606,
    0.005528512572878315,
    -111.51803458243282,
    -0.002033391908396643,
    14.765809247017776,
    2.9609303048406006,
    109.08305408629685,
    -111.54856694027482,
    37.99289066412074,
    -5.867166384447153,
    1.7352801829335722
  ],
  "CV->FO/0p5kappa_np->Res": [
    -0.01336639579809757,
    0.004885698907525102,
    0.003123949107022131,
    -27.179042877042388,
    -0.002241952512132913,
    4.070680390855669,
    0.5335741441838538,
    27.54933454638237,
    -26.90125375974886,
    9.41465458062165,
    -1.08862751765945,
    -0.24219590905462524
  ],
  "CV->FO/0p5MuBeam->Res": [
    0.0008362046282684761,
    -0.003693538923683046,
    0.004928901298761623,
    -128.6819642301125,
    -0.0019223736666485246,
    16.89434675076058,
    3.3690717567300124,
    125.8301222305994,
    -128.93161599614558,
    44.064882477431794,
    -6.885631059642926,
    2.0834473140160163
  ],
  "CV->FO/0p5MuBF->Res": [
    -0.0015121037835191965,
    -0.0005922582909561632,
    0.0037127644271579877,
    -3.564236902875098,
    -0.0023444668890273733,
    1.7429840807591703,
    0.39951979772446483,
    5.8934076018676915,
    -0.37513925746362453,
    0.41545843423190704,
    1.34617558204789,
    -2.500081996640171
  ],
  "CV->FO/0p5MuCt->Res": [
    -0.015456389141531704,
    0.005548134043000865,
    0.0032400354398438515,
    -35.78442326092112,
    -0.002208149235666662,
    4.9729003319497345,
    0.6948479346403601,
    35.537322451261836,
    -36.02272425988149,
    12.460766758451308,
    -1.8010500285664028,
    0.33572504077582416
  ],
  "CV->FO/0p5MuFac->Res": [
    -0.009198707826509661,
    0.002920390251754226,
    0.0033871826003867627,
    -42.34510271385553,
    -0.002264216695884805,
    5.705978339673569,
    1.0282873313673688,
    41.65165122288368,
    -42.02429331291243,
    14.293158526987066,
    -2.066437131197024,
    0.444850333882991
  ],
  "0p5MuFtran->FO/0p5MuFtran->Res": [
    -0.009098428748344713,
    0.002233159236035505,
    0.0036024299269216513,
    -41.306549926933826,
    -0.002129977404646823,
    5.61015336752742,
    0.7917066856492654,
    40.76307228970528,
    -41.88129067517259,
    14.450613368571215,
    -2.2317401651605904,
    0.6435022422569289
  ],
  "CV->FO/0p5MuHard->Res": [
    -0.011226398666865053,
    0.002575426968009017,
    0.004109642150786503,
    -86.79123867908248,
    -0.002042017206978437,
    11.451918313142002,
    2.05762087387805,
    85.1176375773901,
    -87.42876161564396,
    30.05474279599206,
    -4.713073844985262,
    1.422659346705671
  ],
  "CV->FO/0p5MuSoft->Res": [
    -0.019604169114826587,
    0.007354609171451393,
    0.003147203560069658,
    -48.09056534104733,
    -0.002145000816611848,
    6.406027898262831,
    0.8996854950420138,
    47.42338340493715,
    -48.904091413688626,
    16.985313471022607,
    -2.6781183205455323,
    0.8035781457972113
  ],
  "CV->FO/0p5NuBeam->Res": [
    -0.0139157794739528,
    0.00412387745286013,
    0.0037726794732184385,
    -67.31988108725204,
    -0.002070236183761292,
    8.863473902608211,
    1.4499200835151937,
    66.15001788748833,
    -68.09812766863206,
    23.542718300803433,
    -3.7168894012151754,
    1.1284265799445738
  ],
  "CV->FO/0p5NuSoft->Res": [
    -0.015283622445221664,
    0.00469709399755311,
    0.0038054304759696112,
    -88.19447796291574,
    -0.00205328880596756,
    11.64037363234885,
    2.088864338510433,
    86.4982636475599,
    -88.86919308340353,
    30.558329903039212,
    -4.796273009972752,
    1.450227733638691
  ],
  "CV->FO/2C0_np->Res": [
    -0.017740230138287287,
    0.0063298183836198955,
    0.003402561810357169,
    -78.39114808186724,
    -0.0021303474552882666,
    10.434579854721392,
    1.8276269370865865,
    76.96385786813225,
    -79.03151086619307,
    27.1532330477014,
    -4.234657247750912,
    1.2623362086060688
  ],
  "CV->FO/2kappa_np->Res": [
    -0.013727057127613683,
    0.0038151747741822107,
    0.003952876846387814,
    -75.74894378987923,
    -0.0020685395577917463,
    10.019406764291398,
    1.761607801838853,
    74.33235253531556,
    -76.31902020537646,
    26.234932790498405,
    -4.1004107290989795,
    1.2275238590512527
  ],
  "CV->FO/2MuBeam->Res": [
    -0.016006025044754662,
    0.005989511524351204,
    0.0030981046430080253,
    -39.196850012427575,
    -0.0022127148009828553,
    5.270492918205225,
    0.7734178508195215,
    38.61838787140241,
    -39.57958217929314,
    13.621567062946768,
    -2.0946872411898023,
    0.5999326694646063
  ],
  "CV->FO/2MuBF->Res": [
    -0.02206198390069664,
    0.009292670800296412,
    0.0025136733709654907,
    -54.37463690949777,
    -0.0022310844643757886,
    7.388127389297198,
    1.2468831949200727,
    53.47195395627654,
    -54.705964912143294,
    18.690772588758275,
    -2.8476688139809014,
    0.808161079811806
  ],
  "CV->FO/2MuCt->Res": [
    -0.014955557660486406,
    0.00545618720496707,
    0.0031646157456524425,
    -30.969632937357833,
    -0.0022241474193003506,
    4.447875794243444,
    0.6039756644683802,
    31.042760825836407,
    -30.92127997053937,
    10.753992940716497,
    -1.4115751882230723,
    0.029121749703908018
  ],
  "CV->FO/2MuFac->Res": [
    -0.0143783978057848,
    0.0056788073570030705,
    0.002893912922720655,
    -27.914895457016122,
    -0.0022952876579942385,
    4.340693070267033,
    0.5972411679718617,
    28.515608993124705,
    -27.421678636269544,
    9.612866451937608,
    -0.9906472275047497,
    -0.46118447494314774
  ],
  "2MuFtran->FO/2MuFtran->Res": [
    -0.02662438074172838,
    0.011448163250297324,
    0.002092555692923441,
    -83.99690793333811,
    -0.0020936034821929595,
    11.391698536658494,
    2.335295993152865,
    82.19689714392176,
    -83.56087197886771,
    28.15674472203255,
    -4.20362319861929,
    1.1625534259385764
  ],
  "CV->FO/2MuHard->Res": [
    -0.015166667798219185,
    0.005145123500530964,
    0.0033898644442884036,
    -76.77726955817197,
    -0.0020972885334397465,
    10.259160510849823,
    1.8828767525389059,
    75.30392595775345,
    -77.09241097532355,
    26.344176274957814,
    -4.058675300227414,
    1.1853589004707223
  ],
  "CV->FO/2MuSoft->Res": [
    -0.015935055721810427,
    0.005193770509755498,
    0.0035642423481643836,
    -80.83656090587118,
    -0.002062413097628655,
    10.741834050927503,
    1.9886728548489945,
    79.2437491374884,
    -81.14809903975735,
    27.749971389331748,
    -4.290896843424284,
    1.2630185654545452
  ],
  "CV->FO/2NuBeam->Res": [
    -0.015311559593681391,
    0.004725689486282365,
    0.0037996678081409115,
    -88.02260313229364,
    -0.0020580981597402067,
    11.623029459064547,
    2.0893412677386274,
    86.3281970818565,
    -88.68151385524946,
    30.48548886400851,
    -4.781449503159583,
    1.4439719343369508
  ],
  "CV->FO/2NuSoft->Res": [
    -0.014052781324505945,
    0.004163475116384912,
    0.0037738698390758457,
    -68.88518956388957,
    -0.0020612700462313695,
    9.066822093017619,
    1.4959365735948034,
    67.6748026677632,
    -69.6584813260946,
    24.073348897499194,
    -3.8000508210019093,
    1.1540113638810712
  ],
  "0p5MuF->FO/CV->Res": [
    -0.012647514891857243,
    0.004090663750183388,
    0.00354508971963185,
    -30.106917697931124,
    -0.0021952685071472172,
    4.863030461833243,
    0.8555313428841673,
    31.132020177773686,
    -28.45514435120594,
    9.95750169906523,
    -0.6634741228403003,
    -1.113775973695283
  ],