{
  "accuracy": "N2LLp+N2LO",
  "selected_moments": [
    "lnrt^3\u00d7rt^1",
    "lnrt^2\u00d7rt^1",
    "rt^1\u00d7const^0",
    "lnrt^3\u00d7rt^2",
    "lnrt^1\u00d7rt^3",
    "lnrt^2\u00d7rt^2",
    "rt^2\u00d7const^0",
    "lnrt^3\u00d7rt^3",
    "dphi^1\u00d7lndphi^1",
    "dphi^1\u00d7lndphi^2",
    "dphi^1\u00d7lndphi^3",
    "const^0\u00d7dphi^3",
    "dphi^3\u00d7lndphi^3",
    "const^0\u00d7lndphi^2",
    "lnrt^3\u00d7dphi^2"
  ],
  "selection_log": [
    {
      "step": 1,
      "name": "lnrt^3\u00d7rt^1",
      "idx": 45,
      "power": 4,
      "dual": 25.597893943211794,
      "delta_dual": -0.07673281994120984,
      "td": 377.7835321762746,
      "td_rT": 352.87173915486113,
      "td_dphi": 24.911793021413473,
      "chi2pb_rT": 111.05463009997916,
      "chi2pb_dphi": 35.143874039543576,
      "delta_td": 344.21603302473426,
      "pct_improvement": 47.67537954526365,
      "rms_pull": 0.0005243718226784821,
      "neff": 0.08506045443603794
    },
    {
      "step": 2,
      "name": "lnrt^2\u00d7rt^1",
      "idx": 44,
      "power": 3,
      "dual": 25.59655844885112,
      "delta_dual": 0.0013354943606742609,
      "td": 227.93647937472755,
      "td_rT": 215.7353286333524,
      "td_dphi": 12.201150741375152,
      "chi2pb_rT": 89.4331293520145,
      "chi2pb_dphi": 22.279486093436038,
      "delta_td": 149.84705280154705,
      "pct_improvement": 68.42983149009672,
      "rms_pull": 0.00038663659629168204,
      "neff": 0.08570813271792231
    },
    {
      "step": 3,
      "name": "rt^1\u00d7const^0",
      "idx": 36,
      "power": 1,
      "dual": 25.596471172600914,
      "delta_dual": 8.727625020554797e-05,
      "td": 199.71390935115127,
      "td_rT": 188.69588479159506,
      "td_dphi": 11.0180245595562,
      "chi2pb_rT": 71.69736189696087,
      "chi2pb_dphi": 20.948790014405272,
      "delta_td": 28.22257002357628,
      "pct_improvement": 72.33877706068289,
      "rms_pull": 0.00037732836755846296,
      "neff": 0.08605542890537045
    },
    {
      "step": 4,
      "name": "lnrt^3\u00d7rt^2",
      "idx": 55,
      "power": 5,
      "dual": 25.596433949032278,
      "delta_dual": 3.722356863633536e-05,
      "td": 197.9627315775255,
      "td_rT": 186.9693549777837,
      "td_dphi": 10.993376599741785,
      "chi2pb_rT": 68.75413565324982,
      "chi2pb_dphi": 20.700055724951653,
      "delta_td": 1.751177773625784,
      "pct_improvement": 72.58132260475648,
      "rms_pull": 0.00033162096462409097,
      "neff": 0.0861345712927168
    },
    {
      "step": 5,
      "name": "lnrt^1\u00d7rt^3",
      "idx": 63,
      "power": 4,
      "dual": 25.596258386042884,
      "delta_dual": 0.0001755629893942512,
      "td": 193.41300849985967,
      "td_rT": 181.74017470209145,
      "td_dphi": 11.672833797768233,
      "chi2pb_rT": 50.828006307593355,
      "chi2pb_dphi": 19.790630126810033,
      "delta_td": 4.549723077665817,
      "pct_improvement": 73.21147853516888,
      "rms_pull": 0.00033688787562842005,
      "neff": 0.08658466153631418
    },
    {
      "step": 6,
      "name": "lnrt^2\u00d7rt^2",
      "idx": 54,
      "power": 4,
      "dual": 25.59625765222292,
      "delta_dual": 7.338199630169129e-07,
      "td": 190.25763742811415,
      "td_rT": 178.8736692956161,
      "td_dphi": 11.383968132498044,
      "chi2pb_rT": 51.11103945672067,
      "chi2pb_dphi": 19.706674718120357,
      "delta_td": 3.1553710717455203,
      "pct_improvement": 73.64851080275301,
      "rms_pull": 0.0003076298678682281,
      "neff": 0.08654906523952906
    },
    {
      "step": 7,
      "name": "rt^2\u00d7const^0",
      "idx": 46,
      "power": 2,
      "dual": 25.59613695605912,
      "delta_dual": 0.00012069616380117054,
      "td": 177.8100570922292,
      "td_rT": 166.95025216796162,
      "td_dphi": 10.859804924267557,
      "chi2pb_rT": 49.72360655094654,
      "chi2pb_dphi": 19.65074122132095,
      "delta_td": 12.447580335884965,
      "pct_improvement": 75.37255343876477,
      "rms_pull": 0.00038147012364436836,
      "neff": 0.08679089141936498
    },
    {
      "step": 8,
      "name": "lnrt^3\u00d7rt^3",
      "idx": 65,
      "power": 6,
      "dual": 25.59608266974524,
      "delta_dual": 5.42863138797145e-05,
      "td": 169.54180423113903,
      "td_rT": 159.1480564232373,
      "td_dphi": 10.393747807901715,
      "chi2pb_rT": 46.11830758969116,
      "chi2pb_dphi": 19.279273963989496,
      "delta_td": 8.268252861090161,
      "pct_improvement": 76.51774150529612,
      "rms_pull": 0.0005586407255735115,
      "neff": 0.08685327846730728
    },
    {
      "step": 10,
      "name": "dphi^1\u00d7lndphi^1",
      "idx": 4,
      "power": 2,
      "dual": 25.5960700014543,
      "delta_dual": 1.2668290938933069e-05,
      "td": 168.785239254909,
      "td_rT": 159.17090526677913,
      "td_dphi": 9.614333988129845,
      "chi2pb_rT": 46.14170288989708,
      "chi2pb_dphi": 17.353710335192673,
      "delta_td": 0.7565649762300382,
      "pct_improvement": 76.6225289612303,
      "rms_pull": 0.0005227351036214377,
      "neff": 0.08686781661052806
    },
    {
      "step": 11,
      "name": "dphi^1\u00d7lndphi^2",
      "idx": 5,
      "power": 3,
      "dual": 25.596068928306675,
      "delta_dual": 1.0731476258740713e-06,
      "td": 168.4465957844238,
      "td_rT": 159.09461361163432,
      "td_dphi": 9.351982172789485,
      "chi2pb_rT": 46.10046504224082,
      "chi2pb_dphi": 17.278571529942056,
      "delta_td": 0.33864347048518084,
      "pct_improvement": 76.66943251724435,
      "rms_pull": 0.0004947397923070955,
      "neff": 0.08689742699396079
    },
    {
      "step": 12,
      "name": "dphi^1\u00d7lndphi^3",
      "idx": 6,
      "power": 4,
      "dual": 25.596068700860812,
      "delta_dual": 2.274458630324716e-07,
      "td": 168.361835487691,
      "td_rT": 159.07998574729928,
      "td_dphi": 9.281849740391724,
      "chi2pb_rT": 46.09453984097747,
      "chi2pb_dphi": 17.320705558388347,
      "delta_td": 0.08476029673281005,
      "pct_improvement": 76.68117217760123,
      "rms_pull": 0.00046902670193070886,
      "neff": 0.08689854243416521
    },
    {
      "step": 13,
      "name": "const^0\u00d7dphi^3",
      "idx": 11,
      "power": 3,
      "dual": 25.596067037003195,
      "delta_dual": 1.6638576170180386e-06,
      "td": 167.75041487637137,
      "td_rT": 158.73970708616957,
      "td_dphi": 9.010707790201792,
      "chi2pb_rT": 45.85287269370109,
      "chi2pb_dphi": 17.651139596142656,
      "delta_td": 0.6114206113196303,
      "pct_improvement": 76.76585652379602,
      "rms_pull": 0.00044064349987471226,
      "neff": 0.08690557623769055
    },
    {
      "step": 15,
      "name": "dphi^3\u00d7lndphi^3",
      "idx": 14,
      "power": 6,
      "dual": 25.596052797962226,
      "delta_dual": 1.4239040968533345e-05,
      "td": 166.99131725161124,
      "td_rT": 157.72604827610755,
      "td_dphi": 9.265268975503691,
      "chi2pb_rT": 45.07029510965215,
      "chi2pb_dphi": 16.37533759730609,
      "delta_td": 0.7590976247601304,
      "pct_improvement": 76.87099476228634,
      "rms_pull": 0.0004081485704620781,
      "neff": 0.08691338594573661
    },
    {
      "step": 16,
      "name": "const^0\u00d7lndphi^2",
      "idx": 1,
      "power": 2,
      "dual": 25.596048446881966,
      "delta_dual": 4.3510802605339904e-06,
      "td": 165.09611830401718,
      "td_rT": 156.58658791794832,
      "td_dphi": 8.509530386068871,
      "chi2pb_rT": 44.473306320721484,
      "chi2pb_dphi": 15.463450146978175,
      "delta_td": 1.8951989475940536,
      "pct_improvement": 77.13348784939316,
      "rms_pull": 0.00040111692885077757,
      "neff": 0.08686337207823566
    },
    {
      "step": 17,
      "name": "lnrt^3\u00d7dphi^2",
      "idx": 31,
      "power": 5,
      "dual": 25.596041287425088,
      "delta_dual": 7.159456878014225e-06,
      "td": 164.99968010138954,
      "td_rT": 156.5305776085022,
      "td_dphi": 8.46910249288735,